"Risk_Level","Propagation_Score"
"High",0.644974683544304
"Low",0.261357142857143
"Medium",0.473056229327453
