"Type","Impact","Attack_Strength","Propagation_Score"
"External",69.6125933202358,60.4146168958743,0.485049115913556
"Internal",70.5537270875764,59.5416089613035,0.482248472505092
